"Timestamp","The dashboard collects sensor values from all of the engines. The backend AI then processes these sensor values to predict the remaining useful life of each engine.

In the following image, the 10 (out of 100) engines most nearing their end-of-life are ordered from most urgent (left) to least urgent (right). The y-axis predicts the remaining life; the lower the more urgent to replace this engine. Red labelled engines are critical/urgent. Blue labelled engines can wait after the red labelled engines have been serviced.

Engines 19 and 91 have been marked as critically urgent to maintain/replace.

Do you trust the AI's prediction?
Trust means: are you confident that the AI’s decisions are accurate and correct.","What additional information might make you further trust the AI's decisions?","The software provider has informed you that the AI's performance/accuracy has improved from 80% to 90% accuracy since they started the project with your company. 

The accuracy is based on how well the AI can differentiate between engines with high, medium, and low urgency to maintain/replace.

Do you trust the AI now that its accuracy has improved?","For the most critical/urgent engine (91).

This bar chart ranks this engine's sensors by how much each sensor contributed to the AI's prediction that engine 91 needs urgent maintenance/replacement from top (contributed highest) to bottom (contributed lowest).

For example, the top sensor_11, sensor_14, and sensor_7 are the biggest drivers in the AI's decision. 

Now that the AI tells you which sensors contributed to its decision, do you trust the AI's prediction, i.e., are you confident that the AI’s decisions are accurate and correct?","In addition, the software provider has created a more detailed visualization that, on top of showing which sensors contributed most, shows which sensor measurements (over timesteps) in the recent past contributed to the AI's decisions.

For example, the following chart shows the recent past on the x-axis (right is more recent). The warmer/redder the color on the chart, the more the sensor measurement at collected at that time have contributed to the AI decision.

The chart suggests that more recently the sensor values for the top sensor_11, sensor_14, and sensor_7 have become the biggest drivers in the AI's decision. 

Now that the AI tells you which sensor measurements contributed to its decision, do you trust the AI's prediction, i.e., are you confident that the AI’s decisions are accurate and correct?","The software provider has informed you that they can provide the following visualization, which in addition to highlighting which sensor measurements contribute to the AI's decision (redder), it can highlight which sensor measurement opposed the AI's decision (greener).

In other words, the following chart adds direction: red means pushing toward end-of-life, green means pulling toward healthy. 

Now that the AI tells you the direction with which each sensor measurements contributed to its decision, do you trust the AI's prediction, i.e., are you confident that the AI’s decisions are accurate and correct?","As an additional functionality, the software provider has provided you the ability to hover over boxes on the chart and inspect the sensor measurement and its typical healthy/normal value.

Now that the dashboard enables you to compare to the healthy/normal values, do you trust the AI's prediction, i.e., are you confident that the AI’s decisions are accurate and correct?","As an additional functionality in the dashboard, the software provider has provided you with a Table interface that you can separately interact with to inspect historical sensors healthy values vs current values (e.g., statistical measures like mean, standard deviation). 

With this additional interface to inspect historical data, do you trust the AI's prediction, i.e., are you confident that the AI’s decisions are accurate and correct?","As an additional functionality, you can plot the recent sensor measurements against their healthy typical values.

For example, the top (red-from heatmap) sensors (sensor_11, sensor_7) charts below show their values deviating progressively away from the typical healthy values (green horizontal bar).
While one of the top (green) sensors (sensor_9) is inside the healthy range.

With this additional interface to visualize how the sensor measurements compare to healthy typical values, do you trust the AI's prediction, i.e., are you confident that the AI’s decisions are accurate and correct?","In what order has the additional functionality helped increase your confidence/trust in the AI? [Most (6)]","In what order has the additional functionality helped increase your confidence/trust in the AI? [5]","In what order has the additional functionality helped increase your confidence/trust in the AI? [4]","In what order has the additional functionality helped increase your confidence/trust in the AI? [3]","In what order has the additional functionality helped increase your confidence/trust in the AI? [2]","In what order has the additional functionality helped increase your confidence/trust in the AI? [Least (1)]","Building on the heatmap, which level of granularity (detail) do you prefer?

Top is more granular and bottom smoothes out granularity.","Which course are you enrolled in?"
"2026/05/18 12:05:18 PM GMT+3","1","","Yes. I trust the decision of the AI with higher accuracy.","2","3","3","3","4","4","Hover functionality over heatmap","White-Red Heatmap (sensor measurements)","Plots of sensor measurements against healthy values","Table with historical data","Bar chart (sensors)","Green-Red Heatmap (sensor measurement with directionality)","Occlusion (1,1)",""
"2026/05/18 1:28:39 PM GMT+3","4","Examples","Yes. I trust the decision of the AI with higher accuracy.","4","4","4","4","4","4","Table with historical data","Table with historical data","Table with historical data","Table with historical data","Table with historical data","Table with historical data","Occlusion (3,1)",""
"2026/05/18 1:36:11 PM GMT+3","4","It depends upon sampling and proves that are correlated to real life Applications","I trust them the same.","3","2","3","5","4","4","Bar chart (sensors)","White-Red Heatmap (sensor measurements)","Green-Red Heatmap (sensor measurement with directionality)","White-Red Heatmap (sensor measurements)","Plots of sensor measurements against healthy values","White-Red Heatmap (sensor measurements)","Occlusion (1,1)",""
"2026/05/18 1:37:02 PM GMT+3","3","How the data is processed . No. of samples . ","I trust them the same.","4","4","4","4","4","4","Plots of sensor measurements against healthy values","Green-Red Heatmap (sensor measurement with directionality)","Table with historical data","Hover functionality over heatmap","White-Red Heatmap (sensor measurements)","Bar chart (sensors)","Occlusion (10,1)",""
"2026/05/20 12:16:53 PM GMT+3","3","","I trust them the same.","3","3","3","3","4","3","White-Red Heatmap (sensor measurements)","Bar chart (sensors)","Green-Red Heatmap (sensor measurement with directionality)","Plots of sensor measurements against healthy values","Hover functionality over heatmap","White-Red Heatmap (sensor measurements)","Occlusion (3,1)","Bachelors: Honeypots"
"2026/05/20 12:48:09 PM GMT+3","2","Prediction confidence - Explainability","Yes. I trust the decision of the AI with higher accuracy.","3","4","4","5","5","5","Plots of sensor measurements against healthy values","Table with historical data","Hover functionality over heatmap","Green-Red Heatmap (sensor measurement with directionality)","White-Red Heatmap (sensor measurements)","Bar chart (sensors)","Occlusion (1,1)","Seminar: XAI"
"2026/05/20 1:17:26 PM GMT+3","3","","Yes. I trust the decision of the AI with higher accuracy.","3","4","3","4","4","5","Green-Red Heatmap (sensor measurement with directionality)","Hover functionality over heatmap","White-Red Heatmap (sensor measurements)","White-Red Heatmap (sensor measurements)","Green-Red Heatmap (sensor measurement with directionality)","Bar chart (sensors)","Occlusion (1,1)","Seminar: XAI"
"2026/05/20 1:32:53 PM GMT+3","3","Reasoning, even if it is quantified data only I would need an explainable/reasoned decision","I trust them the same.","4","4","4","5","3","5","White-Red Heatmap (sensor measurements)","Hover functionality over heatmap","Plots of sensor measurements against healthy values","Green-Red Heatmap (sensor measurement with directionality)","Table with historical data","Plots of sensor measurements against healthy values","Occlusion (10,1)","Seminar: RL"
"2026/05/20 2:37:12 PM GMT+3","2","I would need more data on the engines, such as their total life span until now.","Yes. I trust the decision of the AI with higher accuracy.","3","4","3","4","4","4","Hover functionality over heatmap","Table with historical data","Plots of sensor measurements against healthy values","White-Red Heatmap (sensor measurements)","Bar chart (sensors)","Green-Red Heatmap (sensor measurement with directionality)","Occlusion (3,1)","Seminar: RL"
"2026/05/20 3:10:51 PM GMT+3","2","More reasoning behind why is it urgent , not just bar charts","Yes. I trust the decision of the AI with higher accuracy.","3","3","3","4","4","4","Hover functionality over heatmap","Plots of sensor measurements against healthy values","Table with historical data","Green-Red Heatmap (sensor measurement with directionality)","White-Red Heatmap (sensor measurements)","Bar chart (sensors)","Occlusion (3,1)","Bachelors: Honeypots"
"2026/05/20 3:31:13 PM GMT+3","4","Using more than just sensors to predict it multiple forms of data gathering should be used.","I trust them the same.","2","2","3","3","3","3","Plots of sensor measurements against healthy values","Bar chart (sensors)","Table with historical data","Hover functionality over heatmap","Green-Red Heatmap (sensor measurement with directionality)","White-Red Heatmap (sensor measurements)","Occlusion (10,1)","Seminar: XAI"
"2026/05/20 9:36:25 PM GMT+3","3","Accuracy rates for the AI's previous predictions","Yes. I trust the decision of the AI with higher accuracy.","4","4","4","5","5","5","Table with historical data","Hover functionality over heatmap","Plots of sensor measurements against healthy values","Green-Red Heatmap (sensor measurement with directionality)","White-Red Heatmap (sensor measurements)","Bar chart (sensors)","Occlusion (10,1)","Seminar: RL"
"2026/05/20 11:37:57 PM GMT+3","3","when he gives me the reasons for that analysis.","Yes. I trust the decision of the AI with higher accuracy.","3","3","2","2","3","4","Plots of sensor measurements against healthy values","Table with historical data","Hover functionality over heatmap","White-Red Heatmap (sensor measurements)","Green-Red Heatmap (sensor measurement with directionality)","Bar chart (sensors)","Occlusion (1,1)","Seminar: RL"
"2026/05/21 12:17:30 AM GMT+3","4","","Yes. I trust the decision of the AI with higher accuracy.","2","1","1","2","4","5","Bar chart (sensors)","Table with historical data","Plots of sensor measurements against healthy values","Hover functionality over heatmap","Green-Red Heatmap (sensor measurement with directionality)","White-Red Heatmap (sensor measurements)","Occlusion (3,1)","Seminar: RL"
"2026/05/21 4:55:00 AM GMT+3","4","u can make a risk massage like high risk: be careful, your engine will die very soon. ","Yes. I trust the decision of the AI with higher accuracy.","4","3","4","4","4","4","Bar chart (sensors)","Green-Red Heatmap (sensor measurement with directionality)","Table with historical data","White-Red Heatmap (sensor measurements)","Plots of sensor measurements against healthy values","Hover functionality over heatmap","Occlusion (3,1)","Bachelors: XAI"
"2026/05/21 9:55:44 AM GMT+3","3","Explanation of which sensor readings contributed most to Engines 19 and 91 being labelled critical.","Yes. I trust the decision of the AI with higher accuracy.","4","4","4","5","4","5","Plots of sensor measurements against healthy values","Table with historical data","Green-Red Heatmap (sensor measurement with directionality)","Hover functionality over heatmap","White-Red Heatmap (sensor measurements)","Bar chart (sensors)","Occlusion (1,1)","Bachelors: XAI"
"2026/05/21 12:54:24 PM GMT+3","3","I need to see what lead to these predictions. Which sensor values lead to these + i need to know how accurate the model was before deployment. i need to know metrics like model accuracy, false positives, false negatives, etc","Yes. I trust the decision of the AI with higher accuracy.","4","4","4","5","5","5","Plots of sensor measurements against healthy values","Table with historical data","Hover functionality over heatmap","Green-Red Heatmap (sensor measurement with directionality)","White-Red Heatmap (sensor measurements)","Bar chart (sensors)","Occlusion (10,1)","Seminar: XAI"
"2026/05/21 1:57:26 PM GMT+3","2","If reasoning for score was articulated i would trust it better","I still do not trust either one.","3","3","4","4","4","4","Table with historical data","Plots of sensor measurements against healthy values","Green-Red Heatmap (sensor measurement with directionality)","Hover functionality over heatmap","White-Red Heatmap (sensor measurements)","Bar chart (sensors)","Occlusion (3,1)","Seminar: RL"
"2026/05/21 6:31:33 PM GMT+3","3","Not sure if thats already covered but why did the ai mark these two engines ? , my recommendation to tackle this , u can make the hover text (text that appears when the user hovers over any bar) have a simple NLG that says smthn like "" watch out this sensor x for that that engine reads y ""  and also displays other sensor reading and maybe even order them by importance , giving the user the full story on why the ai chose this engine ","I trust them the same.","4","4","5","5","4","5","Plots of sensor measurements against healthy values","Hover functionality over heatmap","Table with historical data","Green-Red Heatmap (sensor measurement with directionality)","Bar chart (sensors)","White-Red Heatmap (sensor measurements)","Occlusion (10,1)","Bachelors: XAI"
"2026/05/21 8:15:33 PM GMT+3","3","explanation as to why these engines are the one requiring attention and not the others. what is its prediction based on?","I still do not trust either one.","3","3","3","4","4","5","Plots of sensor measurements against healthy values","Hover functionality over heatmap","Table with historical data","Green-Red Heatmap (sensor measurement with directionality)","White-Red Heatmap (sensor measurements)","Bar chart (sensors)","Occlusion (10,1)","Bachelors: XAI"
"2026/05/22 1:54:20 PM GMT+3","3","its results are too inconsistent to trust blindly, if the model is weak or the chat gets too long it starts to get ""fatigued"" and just comes up with weird results","I trust them the same.","3","3","3","4","2","3","Plots of sensor measurements against healthy values","Green-Red Heatmap (sensor measurement with directionality)","Hover functionality over heatmap","Table with historical data","White-Red Heatmap (sensor measurements)","Bar chart (sensors)","Occlusion (10,1)","Bachelors: Honeypots"
"2026/05/22 2:39:57 PM GMT+3","2","Seeing the reasoning behind the given prediction, what metrics were evaluated to reach the conclusion  ","I trust them the same.","3","4","4","4","4","4","Plots of sensor measurements against healthy values","Table with historical data","Hover functionality over heatmap","Green-Red Heatmap (sensor measurement with directionality)","White-Red Heatmap (sensor measurements)","Bar chart (sensors)","Occlusion (1,1)","Seminar: RL"
"2026/05/22 4:17:04 PM GMT+3","3","I think it's not enough for me to just look at the dashboard and immediately go replace the ones labeled as urgent, I need to know why the AI thinks they are urgent? what are the readings? I want to have an explanation (at least for the urgent/critical ones) clarifying the exact readings it got from the sensors and why they make this engine CRITICAL and in need of replacement. From experience, sensor readings might have noise and there are a lot of other factors that affect the readings. So, how can I trust the decision of that AI if I can't even fully trust the source of the information itself? We may need to have regular checks as well ""checks done by humans not AI"" to see if the sensors are working well and if their readings are correct. This will make sure that the AI is not relying on something completely wrong and giving me decisions that are not correct at all. So, the additional information I will need is the exact readings that drove this prediction, as well as the regular checks! ","I trust them the same.","4","4","4","5","5","5","Green-Red Heatmap (sensor measurement with directionality)","Plots of sensor measurements against healthy values","White-Red Heatmap (sensor measurements)","Table with historical data","Bar chart (sensors)","Hover functionality over heatmap","Occlusion (3,1)","Seminar: XAI"
"2026/05/22 4:34:31 PM GMT+3","4","explanation on why it deems it as urgent","I trust them the same.","3","3","3","3","4","4","Green-Red Heatmap (sensor measurement with directionality)","Plots of sensor measurements against healthy values","White-Red Heatmap (sensor measurements)","Table with historical data","Hover functionality over heatmap","Bar chart (sensors)","Occlusion (1,1)","Seminar: XAI"
"2026/05/24 11:24:40 AM GMT+3","1","","I still do not trust either one.","4","4","4","5","5","5","Hover functionality over heatmap","Table with historical data","Plots of sensor measurements against healthy values","Green-Red Heatmap (sensor measurement with directionality)","White-Red Heatmap (sensor measurements)","Bar chart (sensors)","Occlusion (1,1)","Seminar: RL"
"2026/05/24 4:29:05 PM GMT+3","4","what parameters yielded this result or conclusion and what criteria led to the understanding that these machines need to get fixed","I still do not trust either one.","4","4","4","4","5","5","Plots of sensor measurements against healthy values","Table with historical data","Hover functionality over heatmap","Green-Red Heatmap (sensor measurement with directionality)","White-Red Heatmap (sensor measurements)","Bar chart (sensors)","Occlusion (3,1)","Bachelors: Honeypots"
"2026/05/24 7:36:47 PM GMT+3","3","Reasoning and supporting data","I trust them the same.","4","4","4","4","4","4","Plots of sensor measurements against healthy values","Table with historical data","Hover functionality over heatmap","White-Red Heatmap (sensor measurements)","Green-Red Heatmap (sensor measurement with directionality)","Bar chart (sensors)","Occlusion (3,1)","Seminar: RL"
"2026/05/25 10:59:27 AM GMT+3","4","Accuracy of past results ","Yes. I trust the decision of the AI with higher accuracy.","5","4","5","5","5","5","Table with historical data","Plots of sensor measurements against healthy values","Green-Red Heatmap (sensor measurement with directionality)","Hover functionality over heatmap","White-Red Heatmap (sensor measurements)","Bar chart (sensors)","Occlusion (1,1)","Bachelors: XAI"
"2026/05/25 2:15:27 PM GMT+3","4","If it wrote some kind of reason why it sees it like that, ","I trust them the same.","4","5","5","5","5","5","Green-Red Heatmap (sensor measurement with directionality)","Plots of sensor measurements against healthy values","White-Red Heatmap (sensor measurements)","Hover functionality over heatmap","Table with historical data","Bar chart (sensors)","Occlusion (3,1)","Seminar: RL"
"2026/05/26 3:53:16 PM GMT+3","4","Detailed Logical reasoning","Yes. I trust the decision of the AI with higher accuracy.","4","4","4","4","4","4","Green-Red Heatmap (sensor measurement with directionality)","Plots of sensor measurements against healthy values","White-Red Heatmap (sensor measurements)","Table with historical data","Bar chart (sensors)","Table with historical data","Occlusion (3,1)","Seminar: XAI"
"2026/05/26 6:33:22 PM GMT+3","3","","I trust them the same.","3","3","3","3","3","3","Hover functionality over heatmap","Hover functionality over heatmap","Hover functionality over heatmap","Hover functionality over heatmap","Hover functionality over heatmap","Hover functionality over heatmap","Occlusion (3,1)","Seminar: RL"